epoch,train_loss,eval_loss,eval_top1,eval_top5,lr
0,4.884150445461273,4.87203368844912,0.7751937984496124,3.10077519379845,1e-05
