epoch,accuracy,learning_rate,loss,val_accuracy,val_loss
0,0.01550387591123581,0.0010000000474974513,4.8943328857421875,0.007751937955617905,4.86301326751709
